{
  "label": "2026-05-06-gpu-large",
  "queries": "bench/geocode/queries/belgium.tsv",
  "concurrency": 4,
  "limit": 5,
  "radius_m": 100.0,
  "butterfly": {
    "n_total": 1000,
    "n_no_result": 262,
    "top1_recall": 0.256,
    "top5_recall": 0.334,
    "p50_ms": 9.288477998779854,
    "p95_ms": 32.09751899885305,
    "p99_ms": 52.509577999444446,
    "mean_ms": 12.162898308957665,
    "radius_m": 100.0
  }
}