{
  "butterfly": {
    "n_total": 1000,
    "n_no_result": 775,
    "top1_recall": 0.0,
    "top5_recall": 0.0,
    "p50_ms": 3.841976500552846,
    "p95_ms": 4.70270299774711,
    "p99_ms": 5.145016002643388,
    "mean_ms": 3.8542979290068615
  },
  "nominatim": {
    "n_total": 1000,
    "n_no_result": 1000,
    "top1_recall": 0.0,
    "top5_recall": 0.0,
    "p50_ms": 2.63429649930913,
    "p95_ms": 44.23594100080663,
    "p99_ms": 64.49980300021707,
    "mean_ms": 7.165638849004608
  }
}