{
  "butterfly": {
    "n_total": 1000,
    "n_no_result": 3,
    "top1_recall": 0.044,
    "top5_recall": 0.046,
    "p50_ms": 3.6024490000272635,
    "p95_ms": 5.856602998392191,
    "p99_ms": 7.859794000978582,
    "mean_ms": 3.8112625600479078
  },
  "nominatim": {
    "n_total": 1000,
    "n_no_result": 1000,
    "top1_recall": 0.0,
    "top5_recall": 0.0,
    "p50_ms": 2.2540189984283643,
    "p95_ms": 19.814225997834,
    "p99_ms": 41.03046800082666,
    "mean_ms": 4.335353983042296
  }
}