{
  "butterfly": {
    "n_total": 1000,
    "n_no_result": 22,
    "top1_recall": 0.284,
    "top5_recall": 0.305,
    "p50_ms": 4.3008345000998816,
    "p95_ms": 5.340643998351879,
    "p99_ms": 6.208945000253152,
    "mean_ms": 4.2788517779627
  },
  "nominatim": {
    "n_total": 1000,
    "n_no_result": 1000,
    "top1_recall": 0.0,
    "top5_recall": 0.0,
    "p50_ms": 2.138676498361747,
    "p95_ms": 5.523050996998791,
    "p99_ms": 22.885434998897836,
    "mean_ms": 2.904098463979608
  }
}