{
  "butterfly": {
    "n_total": 1000,
    "n_no_result": 10,
    "top1_recall": 0.24,
    "top5_recall": 0.283,
    "p50_ms": 3.4619524994923268,
    "p95_ms": 5.900692001887364,
    "p99_ms": 8.889877000910928,
    "mean_ms": 3.640868637987296
  },
  "nominatim": {
    "n_total": 1000,
    "n_no_result": 1000,
    "top1_recall": 0.0,
    "top5_recall": 0.0,
    "p50_ms": 1.6837245020724367,
    "p95_ms": 2.6593949987727683,
    "p99_ms": 17.046670996933244,
    "mean_ms": 2.0802217300370103
  }
}