{
  "container": "data/belgium/baseline.butterfly",
  "modes": [
    "bike",
    "car",
    "foot",
    "truck"
  ],
  "n_original_nodes": 5019052,
  "pairs": [
    {
      "arc_jaccard": 0.41484451434072156,
      "baseline_bytes": 4652534240,
      "mode_a": "bike",
      "mode_b": "car",
      "n_arcs_a": 9041792,
      "n_arcs_b": 3911326,
      "n_arcs_intersect": 3797965,
      "n_arcs_union": 9155153,
      "n_nodes_a": 4770749,
      "n_nodes_b": 2545589,
      "n_nodes_intersect": 2496859,
      "n_nodes_union": 4819479,
      "node_jaccard": 0.5180765389785909,
      "predicted_bundle_ratio": 1.358256426716808,
      "predicted_bundled_bytes": 6319334532,
      "predicted_passes_disk_acceptance": false,
      "topo_bytes_a": 1337676024,
      "topo_bytes_b": 324464456,
      "topo_n_nodes_a": 4633460,
      "topo_n_nodes_b": 2545589,
      "topo_n_original_arcs_a": 9041792,
      "topo_n_original_arcs_b": 3911326,
      "topo_n_shortcuts_a": 144189802,
      "topo_n_shortcuts_b": 29756678,
      "weights_bytes_a": 2451705600,
      "weights_bytes_b": 538688160
    },
    {
      "arc_jaccard": 0.6244464991528546,
      "baseline_bytes": 8315820072,
      "mode_a": "bike",
      "mode_b": "foot",
      "n_arcs_a": 9041792,
      "n_arcs_b": 14389749,
      "n_arcs_intersect": 9007218,
      "n_arcs_union": 14424323,
      "n_nodes_a": 4770749,
      "n_nodes_b": 4932602,
      "n_nodes_intersect": 4759503,
      "n_nodes_union": 4943848,
      "node_jaccard": 0.9627122435803043,
      "predicted_bundle_ratio": 0.8996509069731109,
      "predicted_bundled_bytes": 7481335070,
      "predicted_passes_disk_acceptance": true,
      "topo_bytes_a": 1337676024,
      "topo_bytes_b": 1589474016,
      "topo_n_nodes_a": 4633460,
      "topo_n_nodes_b": 4902334,
      "topo_n_original_arcs_a": 9041792,
      "topo_n_original_arcs_b": 14389749,
      "topo_n_shortcuts_a": 144189802,
      "topo_n_shortcuts_b": 169181446,
      "weights_bytes_a": 2451705600,
      "weights_bytes_b": 2936964432
    },
    {
      "arc_jaccard": 0.3738716774614123,
      "baseline_bytes": 4609566888,
      "mode_a": "bike",
      "mode_b": "truck",
      "n_arcs_a": 9041792,
      "n_arcs_b": 3502162,
      "n_arcs_intersect": 3413586,
      "n_arcs_union": 9130368,
      "n_nodes_a": 4770749,
      "n_nodes_b": 2544298,
      "n_nodes_intersect": 2495610,
      "n_nodes_union": 4819437,
      "node_jaccard": 0.5178218949640798,
      "predicted_bundle_ratio": 1.3672058276031247,
      "predicted_bundled_bytes": 6302226712,
      "predicted_passes_disk_acceptance": false,
      "topo_bytes_a": 1337676024,
      "topo_bytes_b": 306396032,
      "topo_n_nodes_a": 4633460,
      "topo_n_nodes_b": 2274368,
      "topo_n_original_arcs_a": 9041792,
      "topo_n_original_arcs_b": 3502162,
      "topo_n_shortcuts_a": 144189802,
      "topo_n_shortcuts_b": 28609659,
      "weights_bytes_a": 2451705600,
      "weights_bytes_b": 513789232
    },
    {
      "arc_jaccard": 0.265190379919193,
      "baseline_bytes": 5389591064,
      "mode_a": "car",
      "mode_b": "foot",
      "n_arcs_a": 3911326,
      "n_arcs_b": 14389749,
      "n_arcs_intersect": 3835999,
      "n_arcs_union": 14465076,
      "n_nodes_a": 2545589,
      "n_nodes_b": 4932602,
      "n_nodes_intersect": 2502258,
      "n_nodes_union": 4975933,
      "node_jaccard": 0.5028721246849586,
      "predicted_bundle_ratio": 1.3920299285994215,
      "predicted_bundled_bytes": 7502472064,
      "predicted_passes_disk_acceptance": false,
      "topo_bytes_a": 324464456,
      "topo_bytes_b": 1589474016,
      "topo_n_nodes_a": 2545589,
      "topo_n_nodes_b": 4902334,
      "topo_n_original_arcs_a": 3911326,
      "topo_n_original_arcs_b": 14389749,
      "topo_n_shortcuts_a": 29756678,
      "topo_n_shortcuts_b": 169181446,
      "weights_bytes_a": 538688160,
      "weights_bytes_b": 2936964432
    },
    {
      "arc_jaccard": 0.895389467564333,
      "baseline_bytes": 1683337880,
      "mode_a": "car",
      "mode_b": "truck",
      "n_arcs_a": 3911326,
      "n_arcs_b": 3502162,
      "n_arcs_intersect": 3502161,
      "n_arcs_union": 3911327,
      "n_nodes_a": 2545589,
      "n_nodes_b": 2544298,
      "n_nodes_intersect": 2544298,
      "n_nodes_union": 2545589,
      "node_jaccard": 0.9994928482170531,
      "predicted_bundle_ratio": 0.8327746625650698,
      "predicted_bundled_bytes": 1401841135,
      "predicted_passes_disk_acceptance": true,
      "topo_bytes_a": 324464456,
      "topo_bytes_b": 306396032,
      "topo_n_nodes_a": 2545589,
      "topo_n_nodes_b": 2274368,
      "topo_n_original_arcs_a": 3911326,
      "topo_n_original_arcs_b": 3502162,
      "topo_n_shortcuts_a": 29756678,
      "topo_n_shortcuts_b": 28609659,
      "weights_bytes_a": 538688160,
      "weights_bytes_b": 513789232
    },
    {
      "arc_jaccard": 0.23731565343481972,
      "baseline_bytes": 5346623712,
      "mode_a": "foot",
      "mode_b": "truck",
      "n_arcs_a": 14389749,
      "n_arcs_b": 3502162,
      "n_arcs_intersect": 3431647,
      "n_arcs_union": 14460264,
      "n_nodes_a": 4932602,
      "n_nodes_b": 2544298,
      "n_nodes_intersect": 2501001,
      "n_nodes_union": 4975899,
      "node_jaccard": 0.5026229431103807,
      "predicted_bundle_ratio": 1.402749973065619,
      "predicted_bundled_bytes": 7499976268,
      "predicted_passes_disk_acceptance": false,
      "topo_bytes_a": 1589474016,
      "topo_bytes_b": 306396032,
      "topo_n_nodes_a": 4902334,
      "topo_n_nodes_b": 2274368,
      "topo_n_original_arcs_a": 14389749,
      "topo_n_original_arcs_b": 3502162,
      "topo_n_shortcuts_a": 169181446,
      "topo_n_shortcuts_b": 28609659,
      "weights_bytes_a": 2936964432,
      "weights_bytes_b": 513789232
    }
  ]
}
