{
  "butterfly": {
    "n_total": 1000,
    "n_no_result": 16,
    "top1_recall": 0.325,
    "top5_recall": 0.344,
    "p50_ms": 4.280851997464197,
    "p95_ms": 5.1066359992546495,
    "p99_ms": 5.512736999662593,
    "mean_ms": 4.331380944986449
  },
  "nominatim": {
    "n_total": 1000,
    "n_no_result": 993,
    "top1_recall": 0.005,
    "top5_recall": 0.005,
    "p50_ms": 2.3644445009267656,
    "p95_ms": 64.30081200232962,
    "p99_ms": 94.81516099913279,
    "mean_ms": 13.77592304602149
  }
}