{
  "butterfly": {
    "n_total": 1000,
    "n_no_result": 0,
    "top1_recall": 0.032,
    "top5_recall": 0.055,
    "p50_ms": 3.5815230021398747,
    "p95_ms": 4.356091001682216,
    "p99_ms": 5.253067996818572,
    "mean_ms": 3.5700584180740407
  },
  "nominatim": {
    "n_total": 1000,
    "n_no_result": 1000,
    "top1_recall": 0.0,
    "top5_recall": 0.0,
    "p50_ms": 2.214317999460036,
    "p95_ms": 2.96143800005666,
    "p99_ms": 3.2791539997560903,
    "mean_ms": 2.242744654926355
  }
}