{
  "butterfly": {
    "n_total": 1000,
    "n_no_result": 1,
    "top1_recall": 0.269,
    "top5_recall": 0.286,
    "p50_ms": 3.2826130009198096,
    "p95_ms": 4.515571003139485,
    "p99_ms": 5.3030429990030825,
    "mean_ms": 3.271499928981939
  },
  "nominatim": {
    "n_total": 1000,
    "n_no_result": 1000,
    "top1_recall": 0.0,
    "top5_recall": 0.0,
    "p50_ms": 1.7637389992160024,
    "p95_ms": 3.880850999848917,
    "p99_ms": 31.513801997789415,
    "mean_ms": 2.8572064610634698
  }
}