{
  "butterfly": {
    "n_total": 1000,
    "n_no_result": 3,
    "top1_recall": 0.582,
    "top5_recall": 0.652,
    "p50_ms": 4.056002500874456,
    "p95_ms": 5.028703999414574,
    "p99_ms": 5.4780550017312635,
    "mean_ms": 3.9468725840342813
  },
  "nominatim": {
    "n_total": 1000,
    "n_no_result": 1000,
    "top1_recall": 0.0,
    "top5_recall": 0.0,
    "p50_ms": 1.892273498015129,
    "p95_ms": 29.01952000320307,
    "p99_ms": 63.18239999745856,
    "mean_ms": 4.816722688890877
  }
}