{
  "butterfly": {
    "n_total": 1000,
    "n_no_result": 25,
    "top1_recall": 0.329,
    "top5_recall": 0.381,
    "p50_ms": 3.560282000762527,
    "p95_ms": 4.697019001469016,
    "p99_ms": 5.928837999817915,
    "mean_ms": 3.6480336059539695
  },
  "nominatim": {
    "n_total": 1000,
    "n_no_result": 133,
    "top1_recall": 0.83,
    "top5_recall": 0.848,
    "p50_ms": 22.28269899933366,
    "p95_ms": 65.61076100115315,
    "p99_ms": 100.22972300066613,
    "mean_ms": 26.66797582502477
  }
}