{
  "butterfly": {
    "n_total": 1000,
    "n_no_result": 1,
    "top1_recall": 0.603,
    "top5_recall": 0.654,
    "p50_ms": 3.956430498874397,
    "p95_ms": 4.95260000025155,
    "p99_ms": 5.380044996854849,
    "mean_ms": 3.9571988989373494
  },
  "nominatim": {
    "n_total": 1000,
    "n_no_result": 1000,
    "top1_recall": 0.0,
    "top5_recall": 0.0,
    "p50_ms": 1.7591855012142332,
    "p95_ms": 14.299946000392083,
    "p99_ms": 84.2348279984435,
    "mean_ms": 4.353130931918713
  }
}