{
  "butterfly": {
    "n_total": 1000,
    "n_no_result": 22,
    "top1_recall": 0.257,
    "top5_recall": 0.285,
    "p50_ms": 3.886196502207895,
    "p95_ms": 4.815452000912046,
    "p99_ms": 5.197892998694442,
    "mean_ms": 3.7409287029586267
  },
  "nominatim": {
    "n_total": 1000,
    "n_no_result": 1000,
    "top1_recall": 0.0,
    "top5_recall": 0.0,
    "p50_ms": 1.7650654990575276,
    "p95_ms": 2.812069000356132,
    "p99_ms": 4.638263999368064,
    "mean_ms": 1.9140179720634478
  }
}