{
  "butterfly": {
    "n_total": 1000,
    "n_no_result": 1,
    "top1_recall": 0.447,
    "top5_recall": 0.489,
    "p50_ms": 3.558035499736434,
    "p95_ms": 5.190892999962671,
    "p99_ms": 6.356557001709007,
    "mean_ms": 3.6468365030013956
  },
  "nominatim": {
    "n_total": 1000,
    "n_no_result": 999,
    "top1_recall": 0.001,
    "top5_recall": 0.001,
    "p50_ms": 1.7071070014935685,
    "p95_ms": 3.066135999688413,
    "p99_ms": 24.36829799989937,
    "mean_ms": 2.7895874949572317
  }
}