{
  "butterfly": {
    "n_total": 1000,
    "n_no_result": 6,
    "top1_recall": 0.388,
    "top5_recall": 0.453,
    "p50_ms": 1.5030670001578983,
    "p95_ms": 2.8735640007653274,
    "p99_ms": 4.013454003143124,
    "mean_ms": 1.640873438154813
  },
  "nominatim": {
    "n_total": 1000,
    "n_no_result": 133,
    "top1_recall": 0.83,
    "top5_recall": 0.848,
    "p50_ms": 29.201809000369394,
    "p95_ms": 107.2264449976501,
    "p99_ms": 225.18152600241592,
    "mean_ms": 39.650095473902184
  }
}