{
  "butterfly": {
    "n_total": 1000,
    "n_no_result": 48,
    "top1_recall": 0.026,
    "top5_recall": 0.027,
    "p50_ms": 3.307969998786575,
    "p95_ms": 4.622011998435482,
    "p99_ms": 6.150298999273218,
    "mean_ms": 3.352563398922939
  },
  "nominatim": {
    "n_total": 1000,
    "n_no_result": 1000,
    "top1_recall": 0.0,
    "top5_recall": 0.0,
    "p50_ms": 1.8966064999403898,
    "p95_ms": 2.851465000276221,
    "p99_ms": 25.43939300085185,
    "mean_ms": 2.3649725550203584
  }
}