{
  "butterfly": {
    "n_total": 1000,
    "n_no_result": 20,
    "top1_recall": 0.214,
    "top5_recall": 0.215,
    "p50_ms": 3.3237370007555,
    "p95_ms": 5.576979998295428,
    "p99_ms": 7.7521610000985675,
    "mean_ms": 3.4625650769994536
  },
  "nominatim": {
    "n_total": 1000,
    "n_no_result": 1000,
    "top1_recall": 0.0,
    "top5_recall": 0.0,
    "p50_ms": 2.3768975006532855,
    "p95_ms": 22.918749000382377,
    "p99_ms": 47.30723600005149,
    "mean_ms": 4.561735745995975
  }
}