{
  "label": "2026-05-06-gpu-prod",
  "queries": "bench/geocode/queries/belgium.tsv",
  "concurrency": 4,
  "limit": 5,
  "radius_m": 100.0,
  "butterfly": {
    "n_total": 1000,
    "n_no_result": 251,
    "top1_recall": 0.243,
    "top5_recall": 0.307,
    "p50_ms": 5.442700999992667,
    "p95_ms": 7.834980000552605,
    "p99_ms": 8.70083899826568,
    "mean_ms": 5.417211788952045,
    "radius_m": 100.0
  },
  "nominatim": {
    "n_total": 1000,
    "n_no_result": 105,
    "top1_recall": 0.862,
    "top5_recall": 0.879,
    "p50_ms": 19.419010999627062,
    "p95_ms": 50.21219099944574,
    "p99_ms": 82.71507300014491,
    "mean_ms": 22.256769923958927,
    "radius_m": 100.0
  }
}